{"loss": 6.609890937805176, "accuracy": 0.3866666555404663}