{"loss": 0.7713186144828796, "accuracy": 0.7066666483879089}